segment_num,participant,pilot_mean,group_mean
1,sub_01,0.15737566619315546,0.08138021774084922
1,sub_02,0.04217880049647059,0.09097995654890628
1,sub_03,0.13797866348930282,0.08299663463283694
1,sub_04,0.04798973627605546,0.09049571190060754
1,sub_06,0.24588826638247177,0.07400416772507284
1,sub_07,-0.30694466800738485,0.12007357892422756
1,sub_08,0.2526631472251217,0.0734395943215187
1,sub_09,0.17197285575779211,0.08016378527712949
1,sub_10,0.2376700529948607,0.07468901884070711
1,sub_11,0.22111720421333353,0.07606842290583436
1,sub_12,0.06889814760000644,0.0887533442902783
1,sub_14,-0.3322942676759235,0.12218604556327245
1,sub_15,0.25528973918081604,0.07322071165854416
1,sub_16,0.1483550205861098,0.08213193820810301
1,sub_17,0.20420355751026023,0.07747789346442381
1,sub_18,0.2583513153821786,0.07296558030843062
1,sub_19,0.2336091606722126,0.07502742653426112
1,sub_20,0.1377359780299857,0.08301685842111335
1,sub_22,-0.03736374299357471,0.09760850183974339
1,sub_23,-0.15210527128578966,0.10717029586409463
1,sub_24,0.07733309747102439,0.08805043180102679
1,sub_26,0.10548150446633599,0.08570473121808417
1,sub_27,0.2507374583258699,0.07360006839645634
1,sub_29,-0.03941444849453339,0.09777939396482328
1,sub_30,-0.01937357046560388,0.09610932079574581
1,sub_32,-0.09945684516386191,0.10278292702060066
2,sub_01,0.4213346356450265,0.382316156250983
2,sub_02,0.4133528977632818,0.38298130107446177
2,sub_03,0.5478582969612836,0.37177251780796156
2,sub_04,0.47295169686570376,0.3780147344825932
2,sub_06,0.5601086992889279,0.37075165094732454
2,sub_07,0.453366004317434,0.37964687552828236
2,sub_08,0.1592199219909587,0.40415904905548866
2,sub_09,0.40226956026171606,0.3839049125329256
2,sub_10,0.5376017992966835,0.37262722594667824
2,sub_11,0.46878210693280514,0.3783622003103348
2,sub_12,0.12249964296470636,0.40721907230767634
2,sub_14,-0.4222123640764914,0.4526117395611095
2,sub_15,0.43567686263352756,0.3811209706686079
2,sub_16,0.40568360190128544,0.3836204090629614
2,sub_17,0.4086711253858144,0.383371448772584
2,sub_18,0.4005219059336102,0.38405055039360103
2,sub_19,0.5953330552981504,0.367816287946556
2,sub_20,0.2772478960837764,0.39432338454775384
2,sub_22,0.4467636849314078,0.38019706881045123
2,sub_23,0.20532162610211502,0.40031724037955896
2,sub_24,0.563211972094316,0.3704930448802089
2,sub_26,0.49329621236636895,0.3763193581908711
2,sub_27,0.45727977102209505,0.37932072830289393
2,sub_29,0.45212322263801935,0.3797504406682336
2,sub_30,0.3939168311119899,0.3846009732954027
2,sub_32,0.3460763555991327,0.38858767958814083
3,sub_01,0.6110873516667317,0.5294579071090614
3,sub_02,0.6767618032332837,0.523985036145182
3,sub_03,0.6007017566994398,0.5303233733563357
3,sub_04,0.6054312719963899,0.5299292470815898
3,sub_06,0.5949159876789284,0.5308055207747117
3,sub_07,0.5875078628169653,0.5314228645132086
3,sub_08,0.5611481512904707,0.5336195071404165
3,sub_09,0.6286554599655451,0.5279938980841603
3,sub_10,0.6365833431376534,0.5273332411531512
3,sub_11,0.514793863776788,0.5374823644332234
3,sub_12,0.44169689348580427,0.5435737786241386
3,sub_14,-0.7219390864273432,0.640543443616901
3,sub_15,0.6088413569131096,0.52964507333853
3,sub_16,0.6497227816474814,0.526238287943999
3,sub_17,0.6228942447468941,0.5284739993523812
3,sub_18,0.4897824150941753,0.5395666518234411
3,sub_19,0.48474756934430374,0.5399862223025971
3,sub_20,0.6695666360945262,0.5245846334067452
3,sub_22,0.48813268467482873,0.5397041293583866
3,sub_23,0.576510712727066,0.5323392936873669
3,sub_24,0.664735943955087,0.5249871910850318
3,sub_26,0.6714371193945317,0.5244287597984114
3,sub_27,0.5687909924159095,0.5329826037132966
3,sub_29,0.577757000778386,0.5322354363497568
3,sub_30,0.587392436325606,0.5314324833874885
3,sub_32,0.5315079205183741,0.5360895263714245
4,sub_01,0.5324523014587387,0.38173051265298386
4,sub_02,0.512860184295868,0.3833631890832231
4,sub_03,0.5679775190896974,0.37877007785040395
4,sub_04,0.21819337495690802,0.4079187565281364
4,sub_06,0.5162800123258425,0.3830782034140585
4,sub_07,0.3884360174868864,0.3937318696506382
4,sub_08,0.5343965678583388,0.38156849045301716
4,sub_09,0.5496212599724166,0.3802997661101774
4,sub_10,0.5471924759253942,0.3805021647807625
4,sub_11,0.2530524794193519,0.40501383115626605
4,sub_12,0.24961305959720612,0.4053004494747782
4,sub_14,-0.016887954867782426,0.42750886734686055
4,sub_15,0.5538891241639935,0.3799441107608793
4,sub_16,0.4777985001964457,0.38628499609150824
4,sub_17,0.38693157876473916,0.3938572395441505
4,sub_18,0.5147208694143036,0.3832081319900201
4,sub_19,0.1936388319287418,0.40996496844715025
4,sub_20,0.4681255855067872,0.38709107231564643
4,sub_22,0.12181661949282335,0.4159501528168101
4,sub_23,0.5560896265693993,0.3797607355604288
4,sub_24,0.42441962055599064,0.39073323606154614
4,sub_26,0.17192578176518475,0.41177438929411336
4,sub_27,0.4265518848094329,0.3905555473737593
4,sub_29,0.2546355966924682,0.4048819047168397
4,sub_30,0.39817426493122077,0.39292034903027695
4,sub_32,0.4245317242786922,0.39072389408465436
5,sub_01,0.25158625569563425,0.3063355611279177
5,sub_02,0.36742986812151524,0.29668192675909427
5,sub_03,0.4337227630785949,0.2911575188460043
5,sub_04,0.3828631254658984,0.29539582198039566
5,sub_06,0.3067989955242809,0.3017344994755305
5,sub_07,0.5141481615884387,0.28445540230351735
5,sub_08,0.4759260495307886,0.28764057830832146
5,sub_09,0.26705273749690933,0.3050466876444781
5,sub_10,0.48629843124171984,0.2867762131657439
5,sub_11,0.3504771800476691,0.29809465076524816
5,sub_12,0.3525245808883014,0.2979240340285288
5,sub_14,-0.46837248857897257,0.3663321231508016
5,sub_15,0.36920266033449595,0.29653419407467924
5,sub_16,0.4663766731502289,0.28843635967336817
5,sub_17,0.4516383164526267,0.28966455606483504
5,sub_18,0.44489355028120053,0.29022661991245385
5,sub_19,0.4061670546870404,0.29345382787863383
5,sub_20,0.40773547673514615,0.29332312604129174
5,sub_22,-0.02142577295524267,0.3290865635154908
5,sub_23,0.2611804709366553,0.3055360431911659
5,sub_24,0.0782614001419646,0.3207792990907235
5,sub_26,0.3145117043847234,0.30109177373716034
5,sub_27,0.48686605050668547,0.28672891156033015
5,sub_29,0.35285367972240583,0.2978966091256868
5,sub_30,-0.22560964437659858,0.3461018861339371
5,sub_32,0.3421186983591834,0.2987911909059553
6,sub_01,0.3018937828095203,0.10033037435715274
6,sub_02,0.12702008720021393,0.11490318232459494
6,sub_03,0.1405161821871648,0.11377850774234903
6,sub_04,0.24727050862359348,0.10488231387264664
6,sub_06,0.21979675343220306,0.10717179347192918
6,sub_07,0.20877239409334117,0.10809049008350101
6,sub_08,0.15156239447902073,0.11285799005136103
6,sub_09,0.28137052878912405,0.1020406455255191
6,sub_10,0.17996332483347963,0.11049124585515614
6,sub_11,-0.09135842245350916,0.1331013914624052
6,sub_12,0.1666238624174598,0.11160286772315779
6,sub_14,-0.2931384229155731,0.14991639150091055
6,sub_15,0.27675197167392235,0.10242552528511925
6,sub_16,0.09503483282696194,0.11756862018903261
6,sub_17,-0.08412577615051992,0.1324986709371561
6,sub_18,0.16233171092273177,0.11196054701438513
6,sub_19,0.07687230954553734,0.119082163795818
6,sub_20,0.14484617847517267,0.11341767471834838
6,sub_22,0.0013163279016655317,0.12537849559947398
6,sub_23,-0.06921541798951417,0.13125614109040565
6,sub_24,0.3261078121465747,0.0983125385790649
6,sub_26,0.12642745321380203,0.11495256849012928
6,sub_27,0.164989077622017,0.1117390997894447
6,sub_29,0.0996192904347877,0.11718658205504714
6,sub_30,0.03351460227794906,0.12269530606811704
6,sub_32,0.016953203793579806,0.12407542260848113
7,sub_01,-0.052707801576877725,-0.031727999304119986
7,sub_02,-0.06446932700410568,-0.03074787218518433
7,sub_03,-0.06384757135041863,-0.03079968515632492
7,sub_04,-0.06816431013264651,-0.0304399569244726
7,sub_06,-0.008914828502502819,-0.03537741372698458
7,sub_07,-0.06453956865855758,-0.03074201871398002
7,sub_08,-0.07310147041978986,-0.03002852690054399
7,sub_09,-0.02225012786040434,-0.03426613878049278
7,sub_10,-0.014642278948074496,-0.03490012618985361
7,sub_11,-0.00035629242727805985,-0.03609062506658665
7,sub_12,-0.06534286703954242,-0.030675077182231288
7,sub_14,-0.006071442745489372,-0.03561436254006903
7,sub_15,-0.01626125807630076,-0.034765211262501414
7,sub_16,0.001559043940305509,-0.03625023643055194
7,sub_17,-0.053317889576560716,-0.03167715863747975
7,sub_18,-0.016394328668627972,-0.03475412204647414
7,sub_19,-0.014653897902476905,-0.0348991579436534
7,sub_20,-0.06939642105930059,-0.030337281013918086
7,sub_22,-0.016328416239822667,-0.034759614748874595
7,sub_23,-0.0008846805150335691,-0.03604659272594035
7,sub_24,-0.016780060053880063,-0.034721977764369805
7,sub_26,-0.059468175232826985,-0.031164634832790885
7,sub_27,0.024884999705301038,-0.0381940660776349
7,sub_29,-0.06351317788874315,-0.0308275512781312
7,sub_30,-0.015408274854321946,-0.03483629319766632
7,sub_32,-0.04651716336465925,-0.03224388582180488
8,sub_01,0.17089392556290797,0.11255962387320648
8,sub_02,0.12771630509848672,0.11615775891190824
8,sub_03,0.20418054097608362,0.10978573925544183
8,sub_04,0.12479578193612624,0.11640113584210494
8,sub_06,0.20187860646569686,0.10997756713130738
8,sub_07,0.21788547405302164,0.10864366149903032
8,sub_08,0.2145164736597777,0.10892441153180066
8,sub_09,0.2856902785077009,0.10299326112780706
8,sub_10,0.13629891776366995,0.11544254118980964
8,sub_11,-0.13323340179313928,0.13790356781954374
8,sub_12,0.1459974067735938,0.11463433377231598
8,sub_14,-0.3436294539435745,0.15543657216541337
8,sub_15,0.15034692524397586,0.11427187389978415
8,sub_16,0.2539986397979104,0.10563423102028963
8,sub_17,0.20782223927206225,0.10948226439744363
8,sub_18,0.16414887668312114,0.11312171127985536
8,sub_19,0.05193619978594002,0.1224727676879538
8,sub_20,0.23539867810057089,0.10718422782840124
8,sub_22,0.008079663634838979,0.1261274790338789
8,sub_23,0.18913942264573305,0.11103916578297104
8,sub_24,0.25308526984484614,0.10571034518304497
8,sub_26,-0.049284575395687605,0.13090783228642278
8,sub_27,0.20184849788896123,0.10998007617936871
8,sub_29,0.13390938518185694,0.11564166890496073
8,sub_30,-0.05225874460946457,0.1311556797209042
8,sub_32,-0.05794250905224494,0.13162932675780256
9,sub_01,0.11105405553096581,0.06784341248018502
9,sub_02,0.20258992864810257,0.060215423053756954
9,sub_03,0.15281889661236034,0.06436300905673546
9,sub_04,0.05429679101125174,0.07257318452349452
9,sub_06,0.17795946002300725,0.06226796210584823
9,sub_07,0.1139307417714523,0.06760368862681114
9,sub_08,0.027354511771408373,0.07481837446014813
9,sub_09,0.1564019029597866,0.06406442519444995
9,sub_10,0.028385573564730357,0.07473245264403795
9,sub_11,-0.03270267155483658,0.07982313973733521
9,sub_12,0.12548907941293574,0.06664049382335419
9,sub_14,-0.291716223790959,0.10140760242367874
9,sub_15,0.08730770209973433,0.06982227526612096
9,sub_16,0.14606207527104872,0.06492607750184476
9,sub_17,0.18301044152154103,0.06184704698097041
9,sub_18,0.025371412828574278,0.07498363270538429
9,sub_19,-0.050882006962831655,0.08133808435466813
9,sub_20,0.1679911589239885,0.06309865386409978
9,sub_22,-0.022488070925337392,0.07897192301821027
9,sub_23,0.11964178239523565,0.06712776857482919
9,sub_24,0.09925895754989447,0.06882633731194095
9,sub_26,0.07336440707628773,0.07098421651807485
9,sub_27,0.1798003651899862,0.06211455334193332
9,sub_29,0.0042486086718187795,0.07674386638511393
9,sub_30,0.06474001782013059,0.07170291562275462
9,sub_32,-0.05293888683390482,0.0815094910105909
10,sub_01,0.6446829307868461,0.5822120047905024
10,sub_02,0.7343309910246105,0.574741333104022
10,sub_03,0.6642336150668479,0.5805827811005022
10,sub_04,0.7092765535081391,0.5768292028970613
10,sub_06,0.6552166284841541,0.58133419664906
10,sub_07,0.3362045105969566,0.6079185398063265
10,sub_08,0.6808310316525443,0.5791996630516941
10,sub_09,0.649122588567445,0.5818420333087858
10,sub_10,0.6561697759681503,0.5812547676920604
10,sub_11,0.5142102009842248,0.5930847322740542
10,sub_12,0.607310225575558,0.5853263968914431
10,sub_14,-0.6990419191569305,0.6941890756191504
10,sub_15,0.7192780990996327,0.5759957407644369
10,sub_16,0.5989856483038156,0.5860201116640883
10,sub_17,0.4280176637965443,0.600267443706361
10,sub_18,0.7237840832803848,0.5756202420827076
10,sub_19,0.7177183021111708,0.5761257238468086
10,sub_20,0.717028898223475,0.5761831741707834
10,sub_22,0.6020906831885928,0.5857613587570234
10,sub_23,0.5887145202826551,0.5868760389991851
10,sub_24,0.6711899184833563,0.5800030891491266
10,sub_26,0.6737222241756126,0.5797920636747718
10,sub_27,0.7331376363266682,0.5748407793288506
10,sub_29,0.6161778470620058,0.584587428434239
10,sub_30,0.6669555409951461,0.5803559539398108
10,sub_32,0.6531057781581434,0.5815101008428942
11,sub_01,0.49273517837562253,0.3441028136450322
11,sub_02,0.5321994056735891,0.34081412803686834
11,sub_03,0.45410921013897493,0.34732164433141954
11,sub_04,0.48335690946393356,0.34488433605433966
11,sub_06,0.367894274032594,0.35450622234028456
11,sub_07,0.3692333046946331,0.3543946364517814
11,sub_08,0.5799867313652356,0.33683185089589784
11,sub_09,0.35766263388056657,0.35535885901962017
11,sub_10,0.4902829490593408,0.34430716608805567
11,sub_11,0.1632426143853699,0.3715605273108866
11,sub_12,0.36413621291147763,0.3548193941003776
11,sub_14,-0.11243320913830797,0.3945335126045264
11,sub_15,0.23742850123707623,0.3653783700732444
11,sub_16,0.15738935036430013,0.37204829931264244
11,sub_17,0.2590652277883674,0.3635753095273035
11,sub_18,0.4378443709452722,0.3486770475975614
11,sub_19,0.5200224733896447,0.3418288723938637
11,sub_20,0.49059125733317993,0.3442814737319025
11,sub_22,0.26566138648391013,0.36302562963600826
11,sub_23,0.3683483249289775,0.35446838476558595
11,sub_24,0.3407357254904709,0.35676943471879485
11,sub_26,0.3050381725776646,0.35974423079486206
11,sub_27,0.33867254663899216,0.3569413662897514
11,sub_29,0.21089674270953673,0.3675893499505394
11,sub_30,0.4111437074051334,0.350902102892573
11,sub_32,0.35869388209646297,0.3552729216682955
12,sub_01,0.5154638817258782,0.35066016974084085
12,sub_02,0.519365631112123,0.35033502395865374
12,sub_03,0.24420996886467472,0.3732646624792744
12,sub_04,0.5114676524325545,0.3509931888486178
12,sub_06,0.15565610005157465,0.3806441515470328
12,sub_07,0.23808350879622647,0.3737752008183118
12,sub_08,0.567254309126499,0.34634430079078904
12,sub_09,0.46157344861823624,0.35515103916647767
12,sub_10,0.5027980626942464,0.3517156546601435
12,sub_11,0.3089395943226464,0.36787052702444345
12,sub_12,0.3229514713593618,0.3667028706047172
12,sub_14,-0.2464277175356921,0.4141511363459717
12,sub_15,0.491333298904232,0.3526710516426447
12,sub_16,0.47709970947048774,0.3538571840954567
12,sub_17,0.3677757346794294,0.36296751532804494
12,sub_18,0.3460242533802733,0.36478013876964127
12,sub_19,0.4342904760420499,0.3574246202144932
12,sub_20,0.37347081404114957,0.3624929253812349
12,sub_22,0.4950537477401684,0.35236101423965
12,sub_23,0.3360986798502765,0.365607269897141
12,sub_24,0.47442206212448973,0.3540803213742899
12,sub_26,0.21754124650027878,0.3754870560096408
12,sub_27,0.2447386549993834,0.37322060530138207
12,sub_29,0.27947808806183955,0.3703256525461774
12,sub_30,0.4256007793200985,0.35814876160798914
12,sub_32,0.3825083805494503,0.36173979483887647
13,sub_01,0.7339794484478688,0.5204875887323804
13,sub_02,0.7322745649662434,0.5206296623558492
13,sub_03,0.7339375073460758,0.5204910838241964
13,sub_04,0.7340729128755733,0.5204798000300717
13,sub_06,0.7331706637302368,0.5205549874588496
13,sub_07,0.7339430991497774,0.5204906178405546
13,sub_08,0.733592178182065,0.5205198612545306
13,sub_09,0.7241221207945607,0.5213090327034894
13,sub_10,0.7338762027615842,0.5204961925395708
13,sub_11,0.7255513210839513,0.5211899326793734
13,sub_12,0.7340149249109297,0.5204846323604587
13,sub_14,-0.8138902954315548,0.6494767340556656
13,sub_15,0.7338756165635894,0.5204962413894036
13,sub_16,0.733942557342318,0.5204906629911763
13,sub_17,0.2808731923061614,0.5582464434108559
13,sub_18,-0.8140341055369912,0.6494887182311186
13,sub_19,0.7338116443853384,0.5205015724042579
13,sub_20,0.7333780265533353,0.5205377072235915
13,sub_22,0.7338723449650826,0.5204965140226125
13,sub_23,0.7331772800788638,0.520554436096464
13,sub_24,0.7338381937308317,0.5204993599588001
13,sub_26,0.7340498310232988,0.5204817235177611
13,sub_27,0.7339836574838605,0.520487237979381
13,sub_29,0.7269290977360329,0.5210751179583667
13,sub_30,-0.8106012643781013,0.6492026481345446
13,sub_32,0.7339203054019346,0.5204925173195415
14,sub_01,0.5619222149583559,0.3244911084401347
14,sub_02,-0.4354550242341802,0.407605878372846
14,sub_03,0.5533502261710723,0.32520544083907493
14,sub_04,0.518629295477584,0.32809885173019904
14,sub_06,0.5280651701105026,0.32731252884412243
14,sub_07,0.4628711216457926,0.3327453662161816
14,sub_08,0.4888289980218281,0.33058220985151193
14,sub_09,0.2050076351527698,0.35423399009060014
14,sub_10,0.5478991760275332,0.3256596950177032
14,sub_11,-0.2747010843937996,0.39420971671948096
14,sub_12,0.49264459664384075,0.3302642432996776
14,sub_14,-0.4537591418335461,0.4091312215061265
14,sub_15,-0.04605689537147759,0.3751560343009541
14,sub_16,0.5299278788204486,0.3271573031182936
14,sub_17,0.28181662362313725,0.34783324105140284
14,sub_18,0.4413253252491697,0.3345408492492335
14,sub_19,0.5331555359976644,0.32688833168685894
14,sub_20,0.5526736180678986,0.3252618248476728
14,sub_22,0.558578921611203,0.32476971621906403
14,sub_23,0.4887188273228501,0.3305913907430934
14,sub_24,0.5350378636538615,0.3267314710488425
14,sub_26,0.46345863277104626,0.3326964069557438
14,sub_27,0.5622992329336728,0.32445969027552496
14,sub_29,0.4761011622722124,0.33164286283064665
14,sub_30,-0.11214159803869686,0.38066309285655575
14,sub_32,0.4514327198192001,0.3336985663683977
15,sub_01,0.36328979351013146,0.24319605478306963
15,sub_02,0.300882921517473,0.2483966274491245
15,sub_03,0.03336929838986494,0.27068942937642515
15,sub_04,0.03052340226881924,0.27092658738651226
15,sub_06,0.41006088965497606,0.2392984634376659
15,sub_07,0.13107272586033367,0.2625474770872195
15,sub_08,0.41827796629103453,0.2386137070513277
15,sub_09,0.1610109376359513,0.26005262610591795
15,sub_10,0.366447194196631,0.2429329380591946
15,sub_11,0.1627198628974036,0.2599102156674636
15,sub_12,0.32283626529877096,0.24656718213401632
15,sub_14,-0.22161662617737302,0.291938256423695
15,sub_15,0.46047932152885274,0.23509692744817617
15,sub_16,0.27119430137484096,0.2508706791276772
15,sub_17,0.2407202784145129,0.2534101810410378
15,sub_18,0.274612406911969,0.2505858369995832
15,sub_19,0.3659107334322212,0.2429776431228955
15,sub_20,0.12992821741868965,0.2626428527906898
15,sub_22,0.1486492329114582,0.2610827681662924
15,sub_23,0.30796931353500595,0.24780609478099672
15,sub_24,0.39755560452824645,0.24034057053156005
15,sub_26,0.3958054180589435,0.24048641940400198
15,sub_27,0.3603746734662734,0.24343898145339116
15,sub_29,0.23003447584483624,0.25430066458851086
15,sub_30,0.17971709012682072,0.2584937800650122
15,sub_32,0.3214592029172458,0.24668193733247676
16,sub_01,0.38908931130978486,0.21162355070507236
16,sub_02,0.3615199632894229,0.21392099637343587
16,sub_03,0.2691527783252415,0.22161826178711763
16,sub_04,0.3764454020791133,0.2126772098076283
16,sub_06,0.31109857078127534,0.21812277908244815
16,sub_07,0.3098038134288124,0.21823067552848674
16,sub_08,0.16151928559759723,0.23058771951442134
16,sub_09,0.38399077415506716,0.21204842880129884
16,sub_10,0.346105616914097,0.21520552523804634
16,sub_11,-0.12668143381301497,0.25460444613197236
16,sub_12,0.2788312002181429,0.22081172662937584
16,sub_14,-0.4492606518133567,0.28148604763200086
16,sub_15,0.40952385908946404,0.20992067172343243
16,sub_16,0.21543143489236485,0.226095040406524
16,sub_17,0.3201628071691435,0.2173674260501258
16,sub_18,0.15021794850028067,0.2315294976058644
16,sub_19,0.28004367690486237,0.2207106869054826
16,sub_20,0.3905240128218391,0.2115039922457345
16,sub_22,0.07392972888821288,0.23788684924020334
16,sub_23,0.01710376349125465,0.24262234635661656
16,sub_24,0.33191960026607176,0.2163876932920485
16,sub_26,0.18117421891133545,0.22894980840494317
16,sub_27,0.42091187455538903,0.20897167043460538
16,sub_29,0.07712158744867931,0.2376208610268312
16,sub_30,0.18419831929694575,0.22869780003947562
16,sub_32,0.19326637683328027,0.2279421285781144
17,sub_01,0.5755809865051016,0.4638422836886488
17,sub_02,0.6293310967815622,0.45936310783227713
17,sub_03,0.5754971428424726,0.4638492706605346
17,sub_04,0.5974172541545141,0.4620225947178645
17,sub_06,0.5106663255092203,0.46925183877163895
17,sub_07,0.5999313020537675,0.46181309072626003
17,sub_08,0.580235398081148,0.4634544160573117
17,sub_09,0.5792995043820522,0.46353240719890293
17,sub_10,0.5978370353352243,0.46198761295280527
17,sub_11,0.16394640388898116,0.49814516557332555
17,sub_12,0.47010148130185314,0.4726322424555862
17,sub_14,-0.671930841195947,0.5678016026637362
17,sub_15,0.6039946016907991,0.46147448242317407
17,sub_16,0.5743301114996775,0.4639465232724342
17,sub_17,0.2670744943045157,0.48955115803869775
17,sub_18,0.42243884208166643,0.47660412905726846
17,sub_19,0.5657787008471797,0.46465914082680904
17,sub_20,0.6365649064876426,0.4587602903567705
17,sub_22,0.505167921908226,0.4697100390717218
17,sub_23,0.49887711556602204,0.47023427293357223
17,sub_24,0.6357779912181981,0.4588258666292241
17,sub_26,0.4002944844927129,0.4784494921896813
17,sub_27,0.5796861872866984,0.4635001836235157
17,sub_29,0.5458775710243274,0.46631756831204674
17,sub_30,0.4684859402848119,0.47276687087367303
17,sub_32,0.3711148232053483,0.48088113063029503
18,sub_01,0.15932093869060468,0.09847490581614962
18,sub_02,0.2435894091323224,0.09145253327933982
18,sub_03,-0.060445774934707035,0.11678879861825893
18,sub_04,0.2098380624490962,0.094265145502942
18,sub_06,0.17616593766738994,0.09707115590141752
18,sub_07,0.11783003269238228,0.1019324813160015
18,sub_08,0.26116255208275624,0.08998810470013699
18,sub_09,0.0408361863136439,0.10834863518089637
18,sub_10,0.25855042496952463,0.09020578195957296
18,sub_11,0.09747354769768915,0.10362885506555924
18,sub_12,0.20082580078503995,0.09501616730828003
18,sub_14,0.10529575581408297,0.1029770043891931
18,sub_15,0.2038091620187169,0.09476755387214027
18,sub_16,-0.11917310910437073,0.12168274313239759
18,sub_17,0.11320533235116485,0.10231787301110294
18,sub_18,0.06865097386948803,0.10603073621790933
18,sub_19,0.18280598871699155,0.09651781831395072
18,sub_20,-0.05321985242648244,0.11618663840924022
18,sub_22,0.17160825119869882,0.09745096310714177
18,sub_23,0.16702288316916636,0.09783307710960282
18,sub_24,0.11987306638859371,0.10176222850798387
18,sub_26,0.057572172029940034,0.10695396970453833
18,sub_27,0.00868732868272491,0.11102770665013958
18,sub_29,-0.18906327408277385,0.12750692354726448
18,sub_30,-0.010911477338945938,0.11266094048527883
18,sub_32,0.1507292981360628,0.09919087586236146
19,sub_01,0.5255542535346691,0.3959980133644952
19,sub_02,0.5003973790396566,0.3980944195724129
19,sub_03,0.3580297710576758,0.4099583869042447
19,sub_04,0.4898254110901301,0.39897541690154015
19,sub_06,0.47071373952418805,0.40056805619870195
19,sub_07,0.46647906785256055,0.40092094550467094
19,sub_08,0.5078890878475311,0.39747011050509
19,sub_09,0.5484134182710627,0.3940930829697958
19,sub_10,0.5270778516004317,0.395871046859015
19,sub_11,0.35550528947805093,0.4101687603692134
19,sub_12,0.4498824806147646,0.40230399444115394
19,sub_14,-0.43119979559691574,0.47572751745879394
19,sub_15,0.4453629877345959,0.4026806188478346
19,sub_16,0.5080769838177833,0.397454452507569
19,sub_17,0.39469873808482425,0.40690263965198226
19,sub_18,0.5310469408586058,0.3955402894208338
19,sub_19,0.5662794662608488,0.39260424563731355
19,sub_20,0.5537281780119744,0.39365018632471976
19,sub_22,0.15781580812855156,0.42664288381500504
19,sub_23,0.4256383539415171,0.40432433833059117
19,sub_24,0.5640601365763467,0.3927891897776888
19,sub_26,0.4255240931088606,0.40433386006664584
19,sub_27,0.4539630269789868,0.401963948910802
19,sub_29,0.392909569210625,0.4070517370581655
19,sub_30,0.2358486181008878,0.42014014965064367
19,sub_32,0.1315399726890097,0.4288325367683002
20,sub_01,0.42393221630011974,0.2297906650657681
20,sub_02,0.0856990114970391,0.25797676546602477
20,sub_03,0.0637192641718137,0.2598084110764602
20,sub_04,0.43522218583240824,0.22884983427141065
20,sub_06,0.25901282119626784,0.24353394799108902
20,sub_07,0.258446440840091,0.24358114635410377
20,sub_08,0.41000241585042224,0.2309514817699095
20,sub_09,0.39515671570594074,0.23218862344861635
20,sub_10,0.4107823274225702,0.23088648913889717
20,sub_11,0.41842815142952183,0.23024933713831786
20,sub_12,0.32018854667103264,0.23843597086819196
20,sub_14,0.43708045610842083,0.22869497841507627
20,sub_15,0.3324971439557147,0.2374102544278018
20,sub_16,0.34557927209431116,0.23632007708291874
20,sub_17,0.037398591381618676,0.26200180047564314
20,sub_18,0.3409373416690563,0.23670690461835667
20,sub_19,0.43267254241254305,0.22906230455639948
20,sub_20,0.16961642920095205,0.250983647324032
20,sub_22,0.3868661852670717,0.23287950098518873
20,sub_23,0.1937224224201323,0.24897481455576706
20,sub_24,-0.004045626866735569,0.26545548532967267
20,sub_26,0.040711849097821516,0.2617256956659596
20,sub_27,-0.19786077557966258,0.28160674772241656
20,sub_29,-0.44984216709607056,0.3026051970154505
20,sub_30,0.3949293448008098,0.23220757102404388
20,sub_32,0.42198728839546235,0.22995274239115615
21,sub_01,0.26137041686590207,0.2159069729323204
21,sub_02,0.3345459931346365,0.20980900824325924
21,sub_03,0.29324185041952033,0.21325102013618558
21,sub_04,0.3485454317731589,0.20864238835671572
21,sub_06,0.2007531191912435,0.2209584144052086
21,sub_07,0.2212732394228526,0.21924840438590787
21,sub_08,0.29922116619707234,0.21275274382138956
21,sub_09,0.2685773132387465,0.2153063982345834
21,sub_10,0.38742052843962704,0.20540279696784333
21,sub_11,0.25257361419855234,0.21664003982126626
21,sub_12,0.18286339854000044,0.22244922445947887
21,sub_14,-0.2647983915474208,0.2597543736334307
21,sub_15,0.26252398024613705,0.21581084265063416
21,sub_16,0.2689959274761259,0.21527151371480177
21,sub_17,0.39383911641884056,0.2048679146362422
21,sub_18,0.17002719413259412,0.22351890816009606
21,sub_19,0.004941151443804543,0.23727607838416187
21,sub_20,0.37412240134525804,0.20651097422570744
21,sub_22,0.21894800098274725,0.21944217425591664
21,sub_23,0.4289717764515008,0.20194019296685387
21,sub_24,0.2054462315452631,0.2205673217090403
21,sub_26,0.12654477024600597,0.2271424434839784
21,sub_27,0.2207263911465698,0.2192939750755981
21,sub_29,0.09475011243284891,0.2297919983017415
21,sub_30,0.2475148311987564,0.2170616050712492
21,sub_32,-0.09843138083285,0.2458904560738831
23,sub_01,0.24647909808494817,0.16476377354600683
23,sub_02,0.16290761023530798,0.1717280642001435
23,sub_03,0.30087467304545074,0.16023080896596495
23,sub_04,0.3610621805344436,0.1552151833418822
23,sub_06,0.12190400908182918,0.1751450309629334
23,sub_07,0.22558206625201735,0.16650519286541773
23,sub_08,0.31988677021057577,0.15864646753553785
23,sub_09,0.12373279911227547,0.17499263179372956
23,sub_10,0.23222072042854133,0.1659519716840407
23,sub_11,0.1622619570415952,0.1717818686329529
23,sub_12,0.15199535058158584,0.172637419171287
23,sub_14,-0.1446761812659083,0.19736004682524486
23,sub_15,0.3268287177311398,0.1580679719088242
23,sub_16,0.2128555457282027,0.16756573624240229
23,sub_17,0.08498902093037128,0.1782212799755549
23,sub_18,0.16631783391716148,0.17144387889332235
23,sub_19,0.2225025663976516,0.1667618178532815
23,sub_20,0.21869717537639438,0.16707893377171965
23,sub_22,0.0033819225099015783,0.18502187151059402
23,sub_23,0.01764733129497733,0.18383308744517107
23,sub_24,0.14920621996502206,0.17286984672266734
23,sub_26,0.12114170094830172,0.17520855664072735
23,sub_27,0.27176139082679746,0.16265691581751937
23,sub_29,0.16106598975714131,0.17188153257332406
23,sub_30,0.16629283891634888,0.17144596181005678
23,sub_32,0.06036945363198626,0.18027291058375364
24,sub_01,0.7016136065125019,0.6231309660640242
24,sub_02,0.7229320125744987,0.6213544322255246
24,sub_03,0.7282995837456602,0.6209071346279277
24,sub_04,0.7094810457023614,0.622475346131536
24,sub_06,0.6566763897445962,0.6268757341280163
24,sub_07,0.7156768483751325,0.6219590292421384
24,sub_08,0.6263041567742822,0.6294067535422092
24,sub_09,0.7458065668261387,0.6194482193712212
24,sub_10,0.7099821341097303,0.6224335887642551
24,sub_11,0.644327591592309,0.627904800640707
24,sub_12,0.6767524671950976,0.6252027276738079
24,sub_14,-0.854824473704178,0.7528341394154142
24,sub_15,0.7162928816013009,0.6219076931399576
24,sub_16,0.7722527753019061,0.6172443686649072
24,sub_17,0.6849785703115775,0.624517219080768
24,sub_18,0.7268323197504724,0.6210294066275266
24,sub_19,0.7593501948689328,0.6183195837009883
24,sub_20,0.5398292531581942,0.6366129955102166
24,sub_22,0.49360832352794726,0.6404647396460704
24,sub_23,0.7558240502602327,0.6186134290850466
24,sub_24,0.7781230407349037,0.6167551798788241
24,sub_26,0.6461393229229739,0.6277538230298183
24,sub_27,0.7553352631241862,0.6186541613463837
24,sub_29,0.5792814460438513,0.633325312769745
24,sub_30,0.6975087360459278,0.6234730386029054
24,sub_32,0.669986291461048,0.6257665756516454
25,sub_01,0.4161791010055937,0.5132371964855414
25,sub_02,0.6405031635709624,0.4959814993651284
25,sub_03,0.5291301363375482,0.5045486553061602
25,sub_04,0.56906992856962,0.5014763635960009
25,sub_06,0.551265957915085,0.5028458998001959
25,sub_07,0.22261888733872603,0.5281264436906851
25,sub_08,0.6080474474831334,0.49847809291034595
25,sub_09,0.5183730651517464,0.5053761223204526
25,sub_10,0.6537330790416619,0.49496381355969
25,sub_11,0.5824379842624621,0.5004480516196285
25,sub_12,0.39184613261736734,0.5151089632846356
25,sub_14,0.2037233931580219,0.5295799432430468
25,sub_15,0.6820374719535067,0.492786552566471
25,sub_16,0.5246284656798802,0.5048949376644424
25,sub_17,0.5704819923010485,0.5013677433089678
25,sub_18,0.5911632918576696,0.4997768741123047
25,sub_19,0.6742042980165966,0.4933891044077719
25,sub_20,0.5375002235061809,0.5039048024470346
25,sub_21,0.4342877012901865,0.5118442272328804
25,sub_22,0.3982448914978527,0.5146167510630599
25,sub_23,-0.09382401466042989,0.5524682053829277
25,sub_24,0.6008840993454632,0.4990291196901668
25,sub_25,0.6552175867561418,0.49484962065857613
25,sub_26,0.572585268913729,0.5012059528003001
25,sub_27,0.6223955179808547,0.49737439517975196
25,sub_29,0.421703109713897,0.5128122727387487
25,sub_30,0.6352150370211168,0.49638827833050114
25,sub_32,0.46287209300963994,0.5096454278698455
26,sub_01,0.5804532969348744,0.569062182732043
26,sub_02,0.4760460453557843,0.5770935097765886
26,sub_03,0.6449589686215819,0.5641002079869119
26,sub_04,0.557466806173039,0.5708303743291074
26,sub_06,0.5991031327439506,0.5676275799774988
26,sub_07,0.6316558910159044,0.5651235216488869
26,sub_08,0.6328920848868341,0.5650284298126615
26,sub_09,0.6589009647005638,0.5630277467500671
26,sub_10,0.5227389946201644,0.5735017444485593
26,sub_11,0.6361650276921827,0.5647766649814809
26,sub_12,0.6832453053101716,0.5611551051647126
26,sub_14,0.49244933097819865,0.5758317185748643
26,sub_15,0.6306473867252073,0.5652010989020174
26,sub_16,0.6970884353878165,0.5600902490048937
26,sub_17,0.5798343655991113,0.5691097928347941
26,sub_18,0.36306018765197434,0.5857847295999585
26,sub_19,0.5720681180579709,0.569707196491805
26,sub_20,0.6464778757529293,0.5639833689768081
26,sub_21,0.5709738304938193,0.5697913724582782
26,sub_22,0.4091167654611128,0.5822419159223325
26,sub_23,0.6653701195185208,0.5625301194563781
26,sub_24,0.6043909651383046,0.5672208236394716
26,sub_25,0.6275481300150442,0.5654395032643377
26,sub_26,0.5704199840789109,0.5698339760286557
26,sub_27,0.6029662253006256,0.5673304190116008
26,sub_29,0.571638166151938,0.569740269715346
26,sub_30,0.4271203313807581,0.5808570262362059
26,sub_32,0.3017266091555769,0.5905026971766045
27,sub_01,0.456901103413276,0.26493486599723143
27,sub_02,0.23689466209210727,0.2818584384065521
27,sub_03,0.41529840244319793,0.2681350737641605
27,sub_04,0.4500885500399117,0.26545890856441334
27,sub_06,0.306411537866505,0.27651098642390615
27,sub_07,0.27946033121128544,0.27858415616661536
27,sub_08,0.3434422725411593,0.27366246837200964
27,sub_09,0.38955939068929085,0.2701149977452303
27,sub_10,0.22448511267179114,0.28281301913119183
27,sub_11,0.3236573842503566,0.27518438285591756
27,sub_12,-0.16904041075453377,0.3130842132409091
27,sub_14,0.32823760100991484,0.2748320584897977
27,sub_15,0.48108419450507206,0.2630746282209394
27,sub_16,0.31131915448584385,0.2761334774531878
27,sub_17,0.40304043977662735,0.2690779939692814
27,sub_18,-0.15191680289946105,0.3117670126366727
27,sub_19,0.23363056018067785,0.28210952316896976
27,sub_20,0.3476404508211697,0.27333953158123964
27,sub_21,0.27516658896515533,0.27891444403170224
27,sub_22,-0.0013675106737922422,0.3001862978500829
27,sub_23,0.4449895234887028,0.26585114137604476
27,sub_24,0.34022534220272366,0.2739099245518893
27,sub_25,0.2900102424424453,0.27777262453344925
27,sub_26,0.2595187943549375,0.2801181205401806
27,sub_27,0.3116788683692961,0.2761058071544607
27,sub_29,0.21053449166349988,0.2838861438241373
27,sub_30,0.21925367304119714,0.28321543756431444
27,sub_32,0.24190477455621207,0.28147304514008253
28,sub_01,-0.009175264819633225,0.0883140983437415
28,sub_02,0.061249612346275635,0.08289680010021006
28,sub_03,0.2017054842203296,0.07209250226374436
28,sub_04,-0.08786042732246513,0.09436680315165166
28,sub_06,0.09542839869818816,0.08026766268852448
28,sub_07,-0.0047984493973262385,0.08797742023433328
28,sub_08,0.060532056603022785,0.0829519966958449
28,sub_09,0.07577503605066599,0.08177945981525696
28,sub_10,0.010509881768562289,0.0867998562984957
28,sub_11,0.14034142699045513,0.07681281435835009
28,sub_12,0.16510532055760005,0.07490789946856972
28,sub_14,-0.06871508730821972,0.0928940846890174
28,sub_15,0.24140980151818547,0.06903832401006314
28,sub_16,0.16625823319149313,0.07481921388134719
28,sub_17,0.19479938619882883,0.07262374057309058
28,sub_18,0.07782213621752891,0.08162199057165212
28,sub_19,0.05367427237564416,0.0834795185594894
28,sub_20,0.16725115996389123,0.07474283489885503
28,sub_21,0.25323334558374094,0.06812882062040504
28,sub_22,-0.04224980899383728,0.0908582940494495
28,sub_23,-0.006524779316343578,0.08811021484348847
28,sub_24,0.17830162759490042,0.07389279892723892
28,sub_25,0.2276854216257533,0.07009404554025024
28,sub_26,0.05097995203800523,0.08368677397007701
28,sub_27,0.13294090002195247,0.07738208566361952
28,sub_29,0.037893931864944774,0.08469339090646627
28,sub_30,-0.14591646109942263,0.09883265190372531
28,sub_32,0.050158920125292064,0.08374993027105494
29,sub_01,0.4537944935316195,0.3637430842471264
29,sub_02,0.43543752048451495,0.3651551590969037
29,sub_03,0.4201924488618389,0.36632785691403263
29,sub_04,0.4335718373341264,0.3652986731853951
29,sub_06,0.2951556352932568,0.3759460733423851
29,sub_07,0.30021576873821304,0.37555683230815773
29,sub_08,0.46520570106894427,0.36286529905194764
29,sub_09,0.3259169894289481,0.37357981533194734
29,sub_10,0.28798072642469363,0.3764979894091977
29,sub_11,0.46632844580078964,0.3627789340725749
29,sub_12,0.03268903261261099,0.39613581201012715
29,sub_14,0.36553420128116504,0.37053233749716147
29,sub_15,0.5075118237091597,0.3596109819257773
29,sub_16,0.3969026736053947,0.36811937808760525
29,sub_17,0.37257928343239527,0.36999040810091294
29,sub_18,0.28873057252449236,0.3764403089399824
29,sub_19,0.31056226061264297,0.37476094831781703
29,sub_20,0.3219326288199178,0.373886304609565
29,sub_21,0.4397567913639492,0.3648229074907935
29,sub_22,0.3538647034885327,0.37142999117351777
29,sub_23,0.4520823383954744,0.3638747884883684
29,sub_24,0.4958765002892812,0.3605060068042294
29,sub_25,0.5049766211119079,0.3598059975101812
29,sub_26,0.5298955477115826,0.3578891570025139
29,sub_27,0.4318147561430997,0.3654338332770126
29,sub_29,-0.025983073063108503,0.4006490509082595
29,sub_30,0.37766393481201666,0.3695992810717113
29,sub_32,0.3247190136710672,0.3736719673133228
30,sub_01,0.5012932075551111,0.38486110854965794
30,sub_02,0.4502045564182576,0.38879100479095435
30,sub_03,0.5547559970196004,0.3807485862831588
30,sub_04,0.4042821288150604,0.39232349922196963
30,sub_06,0.4233165795687139,0.3908593107024578
30,sub_07,0.39484667068324203,0.39304930369364793
30,sub_08,0.4832735364775412,0.3862472370940864
30,sub_09,0.020843021987585246,0.4218188151317753
30,sub_10,0.4997420715069502,0.3849804267072088
30,sub_11,0.3402104748548962,0.397252087988136
30,sub_12,0.35422432348531857,0.39617409963194966
30,sub_14,0.4735379052700243,0.3869961318023569
30,sub_15,0.5639041320805233,0.38004488358616473
30,sub_16,0.4972716701543978,0.385170457580482
30,sub_17,0.5374085836636728,0.3820830026951533
30,sub_18,0.1586521889051614,0.41121810998426955
30,sub_19,0.5062355892411069,0.38448092534304296
30,sub_20,0.44542265595526453,0.38915884328810774
30,sub_21,0.5135896012883989,0.3839152321086359
30,sub_22,0.27237895666726586,0.4024698970794923
30,sub_23,0.4015411957155302,0.39253434022962574
30,sub_24,0.30489329390956205,0.39996879421470033
30,sub_25,0.4340334243194724,0.39003493802932243
30,sub_26,0.30614823966472987,0.39987225992584113
30,sub_27,0.5239788590425194,0.38311605843524194
30,sub_29,0.17014967133714,0.4103336882587327
30,sub_30,0.18884250282569456,0.40889577814422856
30,sub_32,0.2839941989885889,0.4015764169009289
31,sub_01,0.40547817398776026,0.39869179647931663
31,sub_02,0.47061277763710313,0.393681442352444
31,sub_03,0.5606708967138732,0.38675389473115407
31,sub_04,0.41844139872672154,0.3976946253455503
31,sub_06,0.5487462662162478,0.3876711740002022
31,sub_07,0.4203594119046504,0.397547085870325
31,sub_08,0.4351142453424211,0.3964120986828043
31,sub_09,0.5024001831152428,0.39123625731566414
31,sub_10,0.4593027297504496,0.39455144603603276
31,sub_11,0.29466237659635364,0.4072160885863479
31,sub_12,0.26076021920641856,0.40982394684711215
31,sub_14,0.4178661207426926,0.397738877498168
31,sub_15,0.432943782709186,0.39657905734689924
31,sub_16,0.5514736696608378,0.3874613737352337
31,sub_17,0.3555280485306695,0.40253411382216975
31,sub_18,0.4800461497666645,0.3929557983424778
31,sub_19,0.5054601081372786,0.39100087846781517
31,sub_20,0.32301854191826596,0.40503484510004695
31,sub_21,0.3477619033430048,0.4031315096058363
31,sub_22,0.29577703024812696,0.40713034599775
31,sub_23,0.49120874873688253,0.3920971368832303
31,sub_24,0.45239103044849394,0.3950831152131063
31,sub_25,0.471297472844354,0.39362877349034786
31,sub_26,0.38675110620842273,0.40013234015465027
31,sub_27,0.38220101546267604,0.40048234713509234
31,sub_29,0.16169151826491926,0.41744461615030437
31,sub_30,-0.019723456327530343,0.43139961419587747
31,sub_32,0.3647015865455652,0.40182845705179315
32,sub_01,0.43011723164335586,0.3551520471391843
32,sub_02,0.518933981212441,0.3483199894800239
32,sub_03,0.3043277962943083,0.3648281575506495
32,sub_04,0.4206407249598353,0.3558810091917628
32,sub_06,0.474653803198368,0.351726157019568
32,sub_07,0.26575713333309536,0.36779513162458893
32,sub_08,0.5147135143617954,0.3486446407762274
32,sub_09,0.2782869823339033,0.36683129708606527
32,sub_10,0.3206198541107703,0.3635749223339986
32,sub_11,0.16137711527332269,0.3758243637830331
32,sub_12,0.16045000092382622,0.3758956802714558
32,sub_14,0.40981328978927595,0.3567138888202674
32,sub_15,0.5257493390972529,0.3477957311811923
32,sub_16,0.46236728912576275,0.3526712734866914
32,sub_17,0.2798776574179309,0.366708937464217
32,sub_18,0.2763465085594972,0.36698056429948106
32,sub_19,0.3335355406455156,0.362581407985172
32,sub_20,0.2634391431816812,0.36797343855931314
32,sub_21,0.25937949028741825,0.36828571955117956
32,sub_22,0.3553983966590724,0.360899649830283
32,sub_23,0.41225332897162265,0.3565261934985484
32,sub_24,0.42483263396655285,0.3555585546527846
32,sub_25,0.5198489006609384,0.34824961106090874
32,sub_26,0.36908726118526825,0.3598466602513449
32,sub_27,0.29279773037846263,0.36571508569802225
32,sub_29,0.22139486222119645,0.37120761401781194
32,sub_30,0.3582179385983294,0.36068276198880167
32,sub_32,0.4799702405147041,0.3513172003029267
33,sub_01,0.12165660583796092,0.0754147991959713
33,sub_02,0.08602915192085119,0.07815537257421051
33,sub_03,0.10639956285248581,0.0765884178871617
33,sub_04,-0.010437701133900882,0.08557589973226835
33,sub_06,0.15397413783036204,0.07292883519655584
33,sub_07,0.20373097803700072,0.06910138594989132
33,sub_08,0.07910517950739211,0.0786879858367843
33,sub_09,0.1713893958575421,0.07158919996369582
33,sub_10,0.005908878726962769,0.08431847051220193
33,sub_11,0.12158577754898409,0.0754202475258926
33,sub_12,-0.0481714107395702,0.08847849277885832
33,sub_14,0.05861269145917049,0.08026433107126288
33,sub_15,0.03420540744410608,0.08214181445703705
33,sub_16,0.1857118716058572,0.07048747105997927
33,sub_17,0.17448507519062753,0.0713510707842277
33,sub_18,-0.016564750413129905,0.08604721121528597
33,sub_19,0.10132856669455226,0.07697849451469503
33,sub_20,0.21452098511144296,0.06827138540570343
33,sub_21,0.2075397589801646,0.06880840280041715
33,sub_22,-0.16681650715057736,0.09760503865662809
33,sub_23,0.15934858363812918,0.07251541628826604
33,sub_24,-0.057049452451700074,0.08916141906440675
33,sub_25,0.10265007723215094,0.07687683985795667
33,sub_26,-0.009076257606693738,0.08547117330709858
33,sub_27,0.20692874274983236,0.06885540404890426
33,sub_29,0.07973180085404354,0.07863978419473418
33,sub_30,-0.16130264252478244,0.09718089522387462
33,sub_32,0.09867348371191122,0.07718273166720588
34,sub_01,0.2789854866697534,0.30630184117964776
34,sub_02,0.43857765643773505,0.2940255204282645
34,sub_03,0.36411034569124545,0.2997537751010714
34,sub_04,0.3428171978328763,0.3013917095517152
34,sub_06,0.17134824795003542,0.3145816287734722
34,sub_07,0.3913993460769952,0.2976546212252445
34,sub_08,0.48713969305691823,0.2902899791498658
34,sub_09,0.4664528770298658,0.29188127269040837
34,sub_10,0.042338091847063365,0.3245054869352393
34,sub_11,0.3037386744399679,0.3043977498127081
34,sub_12,0.296175171720891,0.30497955771417556
34,sub_14,0.3181694121085321,0.3032876930689724
34,sub_15,0.40615603599871164,0.2965194912312663
34,sub_16,0.4706458616582689,0.29155873541130034
34,sub_17,0.3705006428128815,0.29926221378402246
34,sub_18,0.2500523435265449,0.30852746757527916
34,sub_19,0.3380409560986721,0.30175911276203854
34,sub_20,0.4075148957326039,0.2964149635594284
34,sub_21,0.5048069350257129,0.28893096053688155
34,sub_22,0.024548139449799965,0.3258739448119518
34,sub_23,0.2281376983104653,0.3102132095149776
34,sub_24,0.37777259299360794,0.2987028330008897
34,sub_25,0.3770126295588402,0.29876129172664107
34,sub_26,0.10525402438312942,0.3196657998170804
34,sub_27,0.46759268480861543,0.291793595168966
34,sub_29,0.24940900499881505,0.30857695515433525
34,sub_30,-0.2656253842834461,0.3481949850991246
34,sub_32,0.3087475820752451,0.3040124492253792
35,sub_01,-0.05870247691886728,0.060471344758640716
35,sub_02,0.14455301419535177,0.04483630698062386
35,sub_03,0.20209843976786976,0.04040973578273786
35,sub_04,0.0807517177492844,0.04974409901493673
35,sub_06,0.040238546715559,0.052860496786761774
35,sub_07,-0.014084661782922222,0.057039205132798775
35,sub_08,0.17986476659507977,0.04212001833449094
35,sub_09,-0.04697941915214336,0.05956957108427733
35,sub_10,0.16029164354144218,0.04362564318477076
35,sub_11,-0.06830001925109197,0.06120961724573492
35,sub_12,0.15577170064955534,0.04397333109953127
35,sub_14,0.10547253004131793,0.047842498069395695
35,sub_15,-0.006182976733775832,0.05643138320594138
35,sub_16,-0.13769256039730285,0.06654750502621268
35,sub_17,0.02243966434678591,0.05422964158435969
35,sub_18,0.15465878846724324,0.04405893972893989
35,sub_19,0.03593373705298987,0.05319163599157478
35,sub_20,-0.14128969216312046,0.06682420746973712
35,sub_21,-0.11119632979961837,0.06450933344177541
35,sub_22,0.12609761437236364,0.04625595312085372
35,sub_23,0.08892063025836278,0.049115721129623015
35,sub_24,0.09757519000924803,0.04844998576417031
35,sub_25,0.1454524759200532,0.04476711761718529
35,sub_26,0.04437589396277405,0.05254223930620676
35,sub_27,-0.05188263339416133,0.05994674141058641
35,sub_29,-0.019598478445855636,0.05746334487610136
35,sub_30,0.16037735953388832,0.04361904964689028
35,sub_32,0.1658855447466141,0.04319534309206523
36,sub_01,0.4074775799265116,0.44185622741409936
36,sub_02,0.5891633478543521,0.42788039911195785
36,sub_03,0.5385451439563996,0.431774107104108
36,sub_04,0.4402142321575617,0.4393380233963263
36,sub_06,0.5315155511826378,0.432314845009782
36,sub_07,0.4941625336544941,0.4351881540504084
36,sub_08,0.6246416021900602,0.42515130262459566
36,sub_09,0.46531529481576284,0.4374071724226185
36,sub_10,0.5404878100426239,0.43162467125132153
36,sub_11,0.5713470900788731,0.42925088047930227
36,sub_12,0.439424404100902,0.4393987794006848
36,sub_14,-0.07184881313022871,0.47872748841846396
36,sub_15,0.4862094641267173,0.4357999286294682
36,sub_16,0.496757310846606,0.4349885558048614
36,sub_17,0.5550128965119908,0.43050735690752406
36,sub_18,0.5291153908155801,0.43249947273032485
36,sub_19,0.47411753509448906,0.4367300770165627
36,sub_20,0.6253796504285937,0.42509452968316996
36,sub_21,0.5586901264447368,0.4302244930665436
36,sub_22,-0.12723741588147772,0.48298815016856017
36,sub_23,0.41494718502854755,0.44128164240625045
36,sub_24,0.5143409764946936,0.4336359661396238
36,sub_25,0.5676809771500052,0.4295328891661384
36,sub_26,0.3985360301727343,0.4425440389336207
36,sub_27,0.6182242929439649,0.42564494179737217
36,sub_29,-0.20647496894347853,0.48908334655794483
36,sub_30,0.28224900658830004,0.45148919459396186
36,sub_32,0.5452228379676539,0.43126043833401156
37,sub_01,0.10125138138424322,0.047522852698345025
37,sub_02,0.13722041632363127,0.044756003856853625
37,sub_03,0.09189412145211806,0.048242641923893104
37,sub_04,0.17446637908237203,0.041890929798488956
37,sub_06,-0.06291138306686613,0.06015075765612266
37,sub_07,-0.16515427802508553,0.06801559572983186
37,sub_08,0.17787180505257236,0.04162897395462739
37,sub_09,0.23642013048497984,0.03712525661367297
37,sub_10,0.1303922385743551,0.04528124829910564
37,sub_11,0.08968890890371872,0.048412273658385366
37,sub_12,-0.12520256274653768,0.06494238686225123
37,sub_14,-0.1414661299734015,0.06619343049508691
37,sub_15,-0.08486716379257375,0.061839663865792475
37,sub_16,0.2203308697726002,0.03836289205308679
37,sub_17,0.18057069394697325,0.04142136711659655
37,sub_18,0.15284803346740342,0.04355387946117885
37,sub_19,-0.1909580250203802,0.07000049934485451
37,sub_20,0.09638605002901596,0.04789710895643942
37,sub_21,-0.11288569496225104,0.0639949354942292
37,sub_22,-0.08628637296154863,0.06194883380186746
37,sub_23,0.08788627913102882,0.048550937487053816
37,sub_24,0.05250218393370026,0.0512727909637714
37,sub_25,0.18793383815238862,0.04085497140848768
37,sub_26,-0.0030734327675436012,0.055547838402328624
37,sub_27,0.22595486958614278,0.03793027668281428
37,sub_29,-0.07564858947534218,0.06113054276446698
37,sub_30,-0.04866241848755379,0.05905468345771403
37,sub_32,0.1915947849272971,0.040573360118110115
38,sub_01,0.31871321139345843,0.20854593553677478
38,sub_02,0.2142961485983339,0.21657801729024587
38,sub_03,0.33645695284699834,0.20718103234804092
38,sub_04,0.3270873099481721,0.20790177410948912
38,sub_06,0.2514973377171324,0.2137163873580306
38,sub_07,0.3461461400773008,0.2064357102534023
38,sub_08,0.3050289105654919,0.20959857406200297
38,sub_09,0.05451078346258143,0.2288691992237653
38,sub_10,0.18209109101483534,0.21905532941205347
38,sub_11,0.2937412157855416,0.2104668582758453
38,sub_12,-0.0054252937782725205,0.23347966670383097
38,sub_14,0.0018986507958065706,0.23291628635197875
38,sub_15,0.3039372646007236,0.2096825468285236
38,sub_16,0.3507862892693538,0.20607877570016742
38,sub_17,0.26113119107544175,0.21297532171508374
38,sub_18,0.20269489808419774,0.21747042117594867
38,sub_19,0.21019068848989722,0.21689382191397183
38,sub_20,0.2991801325326965,0.2100484800645257
38,sub_21,0.3627216057315538,0.20516067443384436
38,sub_22,-0.22377626773087617,0.25027589546941587
38,sub_23,0.34127093884434057,0.20681072573286077
38,sub_24,0.3054884158643019,0.20956322750055606
38,sub_25,0.33526111067252046,0.20727302020761615
38,sub_26,0.22871120975753453,0.21546916643184583
38,sub_27,0.40558469406010395,0.20186351379318665
38,sub_29,-0.061074141435903444,0.23776034729287954
38,sub_30,0.16408031326865913,0.22044077385406702
38,sub_32,-0.052610054768864566,0.2371092637031073
39,sub_01,0.24743334012290433,0.17752547158352058
39,sub_02,0.29242758765502386,0.17406437561951138
39,sub_03,0.27015751471462784,0.17577745815338797
39,sub_04,0.2745228850787913,0.17544166043306772
39,sub_06,0.22456353382155664,0.17928468745285503
39,sub_07,0.17486556524307548,0.18310760811273816
39,sub_08,0.2610076430476186,0.17648129443546565
39,sub_09,0.10186581278441402,0.1887229736864814
39,sub_10,0.3218244487170697,0.17180307861473862
39,sub_11,0.051710746011345794,0.19258105574594814
39,sub_12,0.0901191156020586,0.18962656577743175
39,sub_14,0.2680217784463469,0.17594174555864037
39,sub_15,0.29779594971965334,0.17365142469146297
39,sub_16,0.012151994231358852,0.19562403665210104
39,sub_17,0.02091168215807986,0.1949502145038917
39,sub_18,0.1583168316577064,0.18438058761930506
39,sub_19,0.2503598371289797,0.17730035642920708
39,sub_20,0.25710892724028234,0.1767811956514146
39,sub_21,0.26579179705813855,0.1761132825885026
39,sub_22,0.07131129070660776,0.1910733215386203
39,sub_23,0.05857233847714843,0.1920532409408864
39,sub_24,0.3666843985715393,0.16835231324131789
39,sub_25,0.09302162357877075,0.18940329593306934
39,sub_26,0.19755168848776403,0.18136252170930062
39,sub_27,0.09159266412578738,0.1895132158909911
39,sub_29,-0.023422466475815015,0.19836053362957592
39,sub_30,0.11548825091645518,0.1876750938301705
39,sub_32,0.29877216259005374,0.17357633139373985
40,sub_01,0.6770380455339946,0.53555709142377
40,sub_02,0.5765876027675438,0.5432840485596508
40,sub_03,0.7193693574169431,0.5323008366635432
40,sub_04,0.5431132602065952,0.5458589979874161
40,sub_06,0.6314451089559433,0.5390642403913124
40,sub_07,0.7006311258725417,0.5337422390900355
40,sub_08,0.7141622619065267,0.5327013824720368
40,sub_09,0.6771517517588208,0.535548344791091
40,sub_10,0.6961746515067118,0.5340850448104841
40,sub_11,0.5683904602886749,0.5439145979811023
40,sub_12,0.4037090377061971,0.5565823997182159
40,sub_14,0.4088928275120844,0.5561836466562247
40,sub_15,0.7279242333058008,0.5316427692874772
40,sub_16,0.6027857763703337,0.5412688044363593
40,sub_17,0.5820360989951352,0.5428649334652207
40,sub_18,0.6668895449647144,0.5363377453137146
40,sub_19,0.44568977299870416,0.5533531123880231
40,sub_20,0.6660313524701322,0.5364037601209901
40,sub_21,0.25148571639425776,0.5682918859729805
40,sub_22,0.3302118490338139,0.5622360296160915
40,sub_23,0.5965448742134499,0.5417488738330427
40,sub_24,0.6538571028703949,0.5373402408594314
40,sub_25,0.4458574255166936,0.5533402160404854
40,sub_26,0.5742501591184835,0.5434638519172709
40,sub_27,0.5929793701013154,0.5420231433801299
40,sub_29,-0.18934293112252962,0.6022017819358103
40,sub_30,0.36129454719541215,0.5598450528344301
40,sub_32,0.6534000842273182,0.5373753961396681
41,sub_01,0.15660141617909845,0.23801391704991395
41,sub_02,0.3443938381704772,0.22356834612750018
41,sub_03,0.4082140664830921,0.21865909779576057
41,sub_04,0.2987406431318056,0.22708013036124414
41,sub_06,0.18117427563019176,0.2361236970921375
41,sub_07,0.032935328520379045,0.24752669302366154
41,sub_08,0.3667130277851966,0.2218514853879064
41,sub_09,0.13962267500601255,0.23931997406322822
41,sub_10,0.28491428272617764,0.22814369654629243
41,sub_11,0.27364808081399455,0.2290103274626142
41,sub_12,0.23805101727638053,0.23174856311935377
41,sub_14,-0.16258692780324338,0.26256686658701717
41,sub_15,0.3438836853823683,0.22360758864966238
41,sub_16,0.28945344487404406,0.22779453022722582
41,sub_17,0.2785591190329653,0.22863255529192417
41,sub_18,-0.23329196793547802,0.26800571582795824
41,sub_19,0.29268385139883923,0.2275460374176262
41,sub_20,0.403869681245429,0.2189932812755808
41,sub_21,0.1928471482230363,0.2352257838157648
41,sub_22,0.3487299904027718,0.2232347959557852
41,sub_23,0.07153256570566258,0.24455767477863977
41,sub_24,0.28818716592702964,0.22789193630007307
41,sub_25,0.3901992463558081,0.22004485319016703
41,sub_26,0.22007756801148048,0.23313113613973066
41,sub_27,0.29279389568138936,0.22753757247281464
41,sub_29,0.17616052084984515,0.2365093705367796
41,sub_30,0.3347339036294358,0.2243114180152726
41,sub_32,0.2487231329517693,0.23092763114432388
42,sub_01,-0.07869284426330428,0.217329211736834
42,sub_02,0.1811388917662356,0.1973421551191771
42,sub_03,-0.2064183706503496,0.2271542522281452
42,sub_04,0.2736561913971253,0.1902254397629548
42,sub_06,0.27484973459514744,0.19013362874772236
42,sub_07,0.04728408652896045,0.20763867859896748
42,sub_08,0.34992904262651575,0.18435829736069403
42,sub_09,0.26218639251928644,0.19110773198432707
42,sub_10,0.4028938586746945,0.18028408074160332
42,sub_11,0.34629465122184455,0.1846378659302841
42,sub_12,0.14198599057607442,0.2003539167491895
42,sub_14,0.21488709351974655,0.19474613959967627
42,sub_15,0.16762565090523637,0.1983816351854078
42,sub_16,-0.017325290367293727,0.2126086306679101
42,sub_17,0.3227771855266966,0.18644690175298778
42,sub_18,0.09853631381198495,0.2036961995771964
42,sub_19,0.3296132533499661,0.18592105038196705
42,sub_20,0.39038033243362746,0.18124665968322387
42,sub_21,0.35471114033918844,0.1839904436904884
42,sub_22,0.11012806859780505,0.2028045261321333
42,sub_23,0.19519663444670907,0.1962607902976022
42,sub_24,0.35086133749520687,0.18428658237079468
42,sub_25,0.02211499299317785,0.20957476271710462
42,sub_26,0.2554981697552416,0.19162221065848434
42,sub_27,0.32571960507225534,0.18622056178794477
42,sub_29,0.12302553812813183,0.2018124130913389
42,sub_30,0.25084765034069084,0.1919799429211421
42,sub_32,0.0034685152904737233,0.21100910715577417
43,sub_01,0.83028964577174,0.7711234047973369
43,sub_02,0.7877132200151471,0.774398514470921
43,sub_03,0.8306925386183074,0.7710924130399086
43,sub_04,0.7568768114793378,0.7767705458967523
43,sub_06,0.8449995926796069,0.7699918704198087
43,sub_07,0.8226548500715175,0.7717106967742772
43,sub_08,0.8287896151671066,0.7712387917669241
43,sub_09,0.7594300681171039,0.7765741415400013
43,sub_10,0.8249233270166397,0.7715361985477293
43,sub_11,0.8165686350682809,0.7721788671591415
43,sub_12,0.6569889410775929,0.7844542282353483
43,sub_14,0.8179061258229362,0.7720759832549372
43,sub_15,0.8600559291849464,0.7688336906886287
43,sub_16,0.8116024007292777,0.7725608851852186
43,sub_17,0.7991893206118805,0.7735157375019416
43,sub_18,0.807822440622937,0.7728516513472449
43,sub_19,0.836622197789147,0.7706362854113825
43,sub_20,0.8280211116256347,0.7712979074239604
43,sub_21,0.7031799628394718,0.7809010727152036
43,sub_22,0.6461089948377653,0.7852911471768734
43,sub_23,0.856273931802525,0.7691246135641996
43,sub_24,0.8025649903748672,0.7732560705970963
43,sub_25,0.7755570622184005,0.7753336035322091
43,sub_26,0.781389901184317,0.774884923611754
43,sub_27,0.8034445459883839,0.7731884124729795
43,sub_29,0.49434624203705574,0.7969652050846203
43,sub_30,0.5863731908133176,0.7898862090249079
43,sub_32,0.7394022227089935,0.7781147450329327
44,sub_01,0.4451153649917567,0.42548156451480224
44,sub_02,0.2344005785768669,0.44169039423902445
44,sub_03,0.5336778096479696,0.41866906877201665
44,sub_04,0.5088869526634776,0.4205760577708237
44,sub_06,0.5045750803507771,0.42090774025641603
44,sub_07,0.12368334523860876,0.45020710449581364
44,sub_08,0.5708182611080738,0.41581211096739323
44,sub_09,0.6115806604276058,0.4126765417889676
44,sub_10,0.45526081051768574,0.4247011456281922
44,sub_11,0.589319712689405,0.4143889223842138
44,sub_12,-0.015478504130920497,0.4609118621396235
44,sub_14,0.13937778279540977,0.44899984006836735
44,sub_15,0.48405994943370523,0.42248582725003697
44,sub_16,0.5791551873164441,0.4151708089513647
44,sub_17,0.40970067776234953,0.42820577122475656
44,sub_18,0.3003635884388051,0.43661631655733696
44,sub_19,0.44249740738987836,0.42568294586879285
44,sub_20,0.44856966164128215,0.42521584938791557
44,sub_21,0.4687168450595147,0.4236660660480516
44,sub_22,0.3769715236670033,0.4307233984628602
44,sub_23,0.550510763176184,0.41737422619292314
44,sub_24,0.5506652085452713,0.41736234577991643
44,sub_25,0.5689268613279076,0.41595760325817516
44,sub_26,0.32113939797963487,0.4350181773618885
44,sub_27,0.5610838771922045,0.41656090973015236
44,sub_29,0.4812431577130656,0.42270250353624
44,sub_30,0.16629927327307104,0.44692895618547035
44,sub_32,0.5416301725753326,0.4180573485468348
45,sub_01,0.07258536657983147,0.09267513340684562
45,sub_02,0.03959133573136784,0.09521313577980435
45,sub_03,0.195987539003656,0.08318265860501296
45,sub_04,0.10989260274951942,0.0898053460091773
45,sub_06,0.14556031024709404,0.08706167620167157
45,sub_07,0.057650209095416204,0.09382399167487755
45,sub_08,-0.00788826368381482,0.09886541265789534
45,sub_09,-0.1746164319686152,0.11169065637211074
45,sub_10,0.12451019456584138,0.08868091586946024
45,sub_11,0.08555800496488537,0.09167723814645685
45,sub_12,-0.012413555849784675,0.0992135120552776
45,sub_14,-0.07935145501868004,0.10436258122211572
45,sub_15,0.25589597973797745,0.07857431701006515
45,sub_16,0.15992500826943296,0.08595669943072241
45,sub_17,0.16481396636676357,0.08558062573092776
45,sub_18,0.1840261033874404,0.08410276903702954
45,sub_19,0.15133185228737764,0.08661771142934206
45,sub_20,0.2280847031283224,0.08071364598003862
45,sub_21,0.1974343138899463,0.08307136822914447
45,sub_22,-0.11906913661577698,0.10741778749881548
45,sub_23,0.13619962365579605,0.0877817290163868
45,sub_24,0.17167025017210286,0.0850532192843632
45,sub_25,0.11119980192068628,0.08970479222677986
45,sub_26,0.11483060173697537,0.08942549993321915
45,sub_27,0.15150428061574114,0.08660444771177563
45,sub_29,0.021858367535865897,0.09657721025638143
45,sub_30,-0.07679040030080649,0.10416557701304856
45,sub_32,0.14474302953308701,0.08712454394890289
46,sub_01,0.9057688990892067,0.8478227732601382
46,sub_02,0.9126971847766112,0.8472898282072611
46,sub_03,0.8997813429860756,0.8482833544988406
46,sub_04,0.8273573535558332,0.8538544306088592
46,sub_06,0.8812354000187953,0.8497099654963238
46,sub_07,0.7302326003419177,0.8613255654714682
46,sub_08,0.876243774064762,0.8500939367235572
46,sub_09,0.9109470202543598,0.8474244562474342
46,sub_10,0.9068159848468537,0.8477422282018577
46,sub_11,0.8980169537483684,0.8484190767478951
46,sub_12,0.5310354389484514,0.8766484240401962
46,sub_14,0.8997503338339918,0.8482857398182316
46,sub_15,0.8981178652404712,0.8484113143254255
46,sub_16,0.9047412971596034,0.8479018195624154
46,sub_17,0.8600081104950749,0.8513428339212252
46,sub_18,0.9049328661333234,0.8478870834875137
46,sub_19,0.894719798066504,0.8486727041080384
46,sub_20,0.9054963181767638,0.8478437410226338
46,sub_21,0.819994608238247,0.8544207956332889
46,sub_22,0.848003899939055,0.8522662347332268
46,sub_23,0.8871880993584363,0.8492520655471205
46,sub_24,0.8485241099495461,0.8522262185785736
46,sub_25,0.8512401999853465,0.8520172885758197
46,sub_26,0.8899851158908878,0.8490369104292397
46,sub_27,0.9116129562578366,0.8473732304010129
46,sub_29,0.6400510145037894,0.8682626105359396
46,sub_30,0.7461841575490717,0.8600985226093795
46,sub_32,0.8642471995328231,0.8510167501490908
47,sub_01,0.6762995166411718,0.6166112710828641
47,sub_02,0.7186985149727022,0.6133498096727464
47,sub_03,0.6744488514598596,0.616753629942965
47,sub_04,0.6563413617891107,0.6181465137637919
47,sub_06,0.6086274740546878,0.621816812820286
47,sub_07,0.6755199144363145,0.6166712404832377
47,sub_08,0.66320162747032,0.6176188010190835
47,sub_09,0.7347367552451497,0.6121160988825581
47,sub_10,0.7597566370424792,0.6101914925904559
47,sub_11,0.5266561578648131,0.6281222986810455
47,sub_12,0.6646973142638851,0.6175037481888093
47,sub_14,0.6326466362376871,0.6199691849600553
47,sub_15,0.6198118246846751,0.6209564781564408
47,sub_16,0.3963153096991667,0.6381485177707107
47,sub_17,0.7364561953685679,0.6119838342576799
47,sub_18,0.6191528438493504,0.6210071689899272
47,sub_19,0.6734350491427554,0.6168316147365884
47,sub_20,0.5762692029514886,0.6243059105974551
47,sub_21,0.6707167850195744,0.6170407119768332
47,sub_22,0.6020786110707094,0.6223205715113613
47,sub_23,0.673656980546592,0.6168145430901395
47,sub_24,0.5300847118320652,0.6278585637604877
47,sub_25,0.6027988281451445,0.6222651701979431
47,sub_26,0.36686458756530665,0.6404139579348538
47,sub_27,0.6967072706083295,0.6150414438546212
47,sub_29,0.33087556044612537,0.6431823446363292
47,sub_30,0.7031677675690011,0.6145444825499542
47,sub_32,0.5944697914597774,0.6229058653275868
48,sub_01,0.15463102870757553,0.2923933992618068
48,sub_02,0.4201208343895736,0.2719711065170377
48,sub_03,0.4454196506680546,0.2700250437263853
48,sub_04,0.3151261485116447,0.28004762081533996
48,sub_06,0.25822586263933195,0.2844245658824409
48,sub_07,0.17953921228857334,0.2904773851401916
48,sub_08,0.2481017510080669,0.28520334370023054
48,sub_09,0.26205683766757154,0.2841298754956533
48,sub_10,0.3199031634905986,0.2796801581246512
48,sub_11,0.2418028936545349,0.28568787118896377
48,sub_12,0.09052512215905911,0.2973246228424619
48,sub_14,0.34117646614111075,0.27804375022845795
48,sub_15,0.35774787713404405,0.27676902630592465
48,sub_16,0.3676393923142494,0.27600814052283185
48,sub_17,0.28108204836756406,0.2826663977495
48,sub_18,0.38425933286940567,0.27472968355705063
48,sub_19,0.23288854012828253,0.2863735906909832
48,sub_20,0.35547198138366454,0.27694409520979996
48,sub_21,0.18701485346063038,0.2899023358192641
48,sub_22,0.08236483110698531,0.29795233753877526
48,sub_23,0.37157595928041326,0.27570532767928085
48,sub_24,0.29325236232180524,0.2817302197530199
48,sub_25,0.32425703943041956,0.2793452445908188
48,sub_26,0.3376857104748737,0.2783122698950916
48,sub_27,0.4114218575380968,0.27264025858253593
48,sub_29,0.29913915100053673,0.2812773898546559
48,sub_30,0.20966392421800645,0.28816009960715827
48,sub_32,0.13939660586745448,0.2935652779418161
49,sub_01,0.29150421510788777,0.6312337038859737
49,sub_02,0.7183185844620609,0.5984018293202681
49,sub_03,0.49135285039122667,0.6158607319411015
49,sub_04,0.7194505331648041,0.5983147563431339
49,sub_06,0.6720611003325623,0.6019600973302295
49,sub_07,0.2601696350962221,0.6336440561945633
49,sub_08,0.6346505944015527,0.6048378285556918
49,sub_09,0.7588220374616362,0.5952861790895315
49,sub_10,0.7318028872879511,0.597364575256738
49,sub_11,0.6821081950250766,0.6011872438923438
49,sub_12,0.6632087098636716,0.6026410504432211
49,sub_14,0.7180590347343077,0.5984217946839414
49,sub_15,0.7579110848191553,0.5953562523697223
49,sub_16,0.7201845052870893,0.5982582969491119
49,sub_17,0.6543408014594404,0.6033231972435465
49,sub_18,0.7381657258261285,0.5968751261384166
49,sub_19,0.5454442049218339,0.6116998585156701
49,sub_20,0.7361996195892669,0.5970263650797137
49,sub_21,0.6870928284214088,0.6008038105541643
49,sub_22,0.4924785698704075,0.6157741381350106
49,sub_23,0.7031994037331845,0.5995648432224894
49,sub_24,0.7448555243732552,0.5963605262501762
49,sub_25,0.6730544532949791,0.6018836855638897
49,sub_26,0.6407391890933799,0.604369475117859
49,sub_27,0.6577417980744608,0.6030615821193143
49,sub_29,0.015331492634437352,0.6524777594608544
49,sub_30,0.25924832485792315,0.633714926212894
49,sub_32,0.6275888276657804,0.6053810413815204
50,sub_01,0.7893793269240407,0.7907344443079324
50,sub_02,0.8094847021128282,0.789187876985718
50,sub_03,0.8290174905771275,0.7876853547961563
50,sub_04,0.8442105726455038,0.7865166561755121
50,sub_06,0.8105143503701042,0.7891086732736197
50,sub_07,0.6993476354684441,0.7976599590352859
50,sub_08,0.8282381824911091,0.787745301572004
50,sub_09,0.8322272516978887,0.7874384500945593
50,sub_10,0.8297268075002951,0.7876307919559127
50,sub_11,0.7493753755204939,0.7938116713389742
50,sub_12,0.7330337297971693,0.7950687210099994
50,sub_14,0.7453443404431748,0.7941217509603067
50,sub_15,0.8702918496903449,0.7845104040951395
50,sub_16,0.8068530137240347,0.7893903145540864
50,sub_17,0.7934384269885525,0.7904222058414312
50,sub_18,0.8146338258242196,0.7887917905463799
50,sub_19,0.5914324358180948,0.8059611282391588
50,sub_20,0.8130400535383133,0.7889143884145267
50,sub_21,0.7772489115130385,0.7916675531857016
50,sub_22,0.7011005480192409,0.7975251196083014
50,sub_23,0.8445960331720338,0.7864870053657789
50,sub_24,0.8087202831264578,0.7892466784462079
50,sub_25,0.7578816651218816,0.7931573413696367
50,sub_26,0.8182877706949808,0.7885107178640137
50,sub_27,0.8576624628396204,0.7854818953913493
50,sub_29,0.8393825157957577,0.786888045163954
50,sub_30,0.7454574552260611,0.7941130498231613
50,sub_32,0.7979271892135076,0.7900769164395117
51,sub_01,0.20112031288535992,0.24095185000828273
51,sub_02,0.30436262931340585,0.2330101333599715
51,sub_03,0.45586127791888476,0.22135639115955008
51,sub_04,0.376990363117307,0.22742338460582526
51,sub_06,0.318043894781759,0.23195772832394435
51,sub_07,0.12162379276382954,0.24706696694070815
51,sub_08,0.41961471101999553,0.2241445886133108
51,sub_09,-0.11473819300184063,0.26524865815345205
51,sub_10,0.24252992640326582,0.23776649512228995
51,sub_11,0.17570799709881643,0.2429066435303246
51,sub_12,0.38108712715381804,0.22710824891070905
51,sub_14,0.22999698775336325,0.23873056732612866
51,sub_15,0.37343779297829477,0.22769665923190316
51,sub_16,0.3923161255757104,0.22624447980133272
51,sub_17,0.29547588149280263,0.23369372934617172
51,sub_18,0.44033575977792333,0.2225506617857779
51,sub_19,0.24091296973043194,0.23789087640481565
51,sub_20,0.3643194970054707,0.22839806661442807
51,sub_21,0.3257400618578092,0.23136571547194051
51,sub_22,-0.1242810555394494,0.2659827245024988
51,sub_23,0.437318059473204,0.22278279257844855
51,sub_24,0.22172306603558448,0.23936702284288086
51,sub_25,0.24170283820013583,0.2378301172917615
51,sub_26,0.36129865444495624,0.22863043911908298
51,sub_27,0.3453524138378892,0.2298570730119343
51,sub_29,0.15102286316939595,0.24480549998643383
51,sub_30,-0.17218552080053676,0.2696676833687363
51,sub_32,-0.3397015084615156,0.282553528573427
52,sub_01,0.5886008110308798,0.5571291281858726
52,sub_02,0.7013065316818325,0.5484594573665684
52,sub_03,0.716959527968376,0.547255380729142
52,sub_04,0.7129642355349726,0.5475627109163268
52,sub_06,0.6391826814853937,0.5532382150739867
52,sub_07,0.593213338747221,0.5567743183615385
52,sub_08,0.6620764199539307,0.5514771582687147
52,sub_09,0.08417022713632832,0.5959314807931457
52,sub_10,0.697967865997804,0.5487162778038014
52,sub_11,0.31020105065184067,0.5785444943688755
52,sub_12,0.20722471092233494,0.5864657512711452
52,sub_14,0.6584382529690723,0.55175701726755
52,sub_15,0.7243364294644553,0.5466879267679051
52,sub_16,0.7206866365533025,0.5469686800687631
52,sub_17,0.5874560384303025,0.5572171876166861
52,sub_18,-0.12134878867548757,0.611740635855593
52,sub_19,0.6432910175350766,0.5529221892240112
52,sub_20,0.6867203366635793,0.5495814723679726
52,sub_21,0.3888595792489646,0.5724938383229429
52,sub_22,0.49876365648642207,0.5640396785354461
52,sub_23,0.7227757563475935,0.5468079785461253
52,sub_24,0.5188306766522158,0.5624960615996158
52,sub_25,0.7257310655463803,0.5465806470692955
52,sub_26,0.4308663728719313,0.5692625465057916
52,sub_27,0.7092538157793533,0.5478481278206053
52,sub_29,0.6094764149895489,0.5555233124967441
52,sub_30,0.5933829895818429,0.5567612682973369
52,sub_32,0.6511713033389768,0.552316013392942
53,sub_01,0.6384208255098622,0.5941722959260836
53,sub_02,0.6935931554936979,0.5899282705427115
53,sub_03,0.7435471053071283,0.5860856590186015
53,sub_04,0.6808571619749467,0.5909079623518463
53,sub_06,0.3876256504180296,0.6134642324716091
53,sub_07,0.5811707100558579,0.5985761509610069
53,sub_08,0.6875408488953009,0.5903938325887421
53,sub_09,0.7266091456304077,0.5873885789937339
53,sub_10,0.6920878070733679,0.5900440665750446
53,sub_11,0.47709207485212846,0.6065821998228322
53,sub_12,0.3860776619058313,0.613583308511009
53,sub_14,0.7131555119660201,0.5884234738909945
53,sub_15,0.7542630264094149,0.5852613573953487
53,sub_16,0.7488466222257095,0.5856780038710184
53,sub_17,0.5465698928042474,0.6012377522880539
53,sub_18,-0.18387767919093448,0.657426027056914
53,sub_19,0.6428474432307384,0.5938317868706314
53,sub_20,0.7165109495155071,0.5881653633102648
53,sub_21,0.6792912166423689,0.5910284196851215
53,sub_22,0.6404950791504423,0.5940127379537312
53,sub_23,0.7195640443585278,0.5879305098608015
53,sub_24,0.5844383965761659,0.5983247904594448
53,sub_25,0.7002498995742008,0.5894162133057498
53,sub_26,0.6109986962075548,0.5962816904877996
53,sub_27,0.7350041862456089,0.5867428066387184
53,sub_29,0.39446816552834946,0.6129378851554307
53,sub_30,0.3749047387212882,0.6144427641405892
53,sub_32,0.652969008016128,0.5930532049640632
54,sub_01,0.03298540217086126,0.03076680820234571
54,sub_02,-0.07254251746281726,0.03888434048185944
54,sub_03,0.10921892496744616,0.02490269106414687
54,sub_04,-0.10779228965783669,0.04159586141993786
54,sub_06,0.10043083381256578,0.025578698076060752
54,sub_07,0.08974556076899043,0.026400642156335776
54,sub_08,0.18155810956427412,0.019338138402852412
54,sub_09,-0.1293357141199051,0.043253047917020046
54,sub_10,-0.055076374095796125,0.03754079099208858
54,sub_11,0.023795151216678828,0.03147375058343667
54,sub_12,0.17648830332719606,0.019728123498012267
54,sub_14,-0.07268304607702934,0.038895150375260375
54,sub_15,0.15297349433514235,0.021536954958939473
54,sub_16,0.13698578526981867,0.022766778733195138
54,sub_17,0.01400197154870304,0.032227072096357876
54,sub_18,-0.21717001873746664,0.050009532887601696
54,sub_19,0.16785933688431134,0.020391890147464932
54,sub_20,0.08703771377350769,0.02660893807906521
54,sub_21,0.19690345748271862,0.018157727024510524
54,sub_22,-0.03340067708411262,0.03587342968349754
54,sub_23,0.02431482821620368,0.03143377542962706
54,sub_24,0.1566388806664442,0.021255002164223942
54,sub_25,0.07764976705300687,0.027331087826796045
54,sub_26,0.040518594056841856,0.030187331903424125
54,sub_27,0.029454086497497322,0.031038447869527547
54,sub_29,0.003601422984276009,0.0330271142936215
54,sub_30,-0.1905366171624482,0.04796080968952336
54,sub_32,-0.05771655259636148,0.03774388164597823
